DATE,DAY,EVENT NUMBER,EVENT NAME,TIME,REGULAR HOURS,OVERTIME HOURS
2025-11-19,WED,15674,Foothills,600-1300,6.5,0.0
2025-11-16,SUN,15828,Stanford Splash,800-1330,5.0,0.0
2025-11-15,SAT,15828,Stanford Splash,800-1330,5.0,0.0
2025-11-14,FRI,15100,Bike Abatement,730-1100,3.5,0.0
2025-10-30,THU,15685,Hillel,1030-1450,4.33333,0.0
2025-10-29,WED,15674,Foothills,600-1300,6.5,0.0
2025-10-23,THU,15674,Foothills,600-1300,6.5,0.0
2025-10-22,WED,15815,National Security Technology Conference,730-1345,5.75,0.0
2025-10-18,SAT,0,Student Party,2000-2345,2.5,1.25
2025-10-18,SAT,15653,Football vs Florida State,1400-2000,5.5,0.0
2025-10-17,FRI,15763,Traffic Control-Memorial Way  RH,630-1230,5.5,0.0
2025-10-16,THU,15674,Foothills,1300-1900,5.5,0.0
2025-10-15,WED,15685,Hillel/Koret,600-1045,4.75,0.0
2025-10-10,FRI,15666,GSB Centennial-Frost,1530-2200,6.0,0.0
2025-10-09,THU,15624,Parking Control-GSB @ PS7,630-1325,6.41667,0.0
2025-10-08,WED,15097,Foothills,600-1300,6.5,0.0
2025-10-03,FRI,15685,Hillel,630-1100,4.5,0.0
2025-10-02,THU,15097,Foothills,600-1300,6.5,0.0
2025-09-27,SAT,0,Sick--Football vs San Jose,1100-1930,8.0,0.0
2025-09-26,FRI,15097,Sick--Foothills,600-1300,6.5,0.0
2025-09-17,WED,15097,Foothills,600-1300,6.5,0.0
2025-09-16,TUE,15688,NSO-Convocation/Provost Dinner,1430-2030,4.5,1.0
2025-09-16,TUE,15685,Hillel/Koret,1100-1430,3.5,0.0
2025-09-13,SAT,15650,Football vs Boston College,1430-2330,8.0,0.5
2025-09-12,FRI,15097,Foothills,600-1300,6.5,0.0
2025-09-11,THU,15690,NSO Seedxling Banner,500-1110,5.66667,0.0
2025-09-01,MON,15097,Foothills,600-1300,6.5,0.0
2025-08-27,WED,15642,Workday Charity Classic,930-1740,7.66667,0.0
2025-08-15,FRI,15097,Foothills-Felt Lake,1300-2030,7.0,0.0
2025-08-14,THU,15097,Foothills,1300-2030,7.0,0.0
2025-08-09,SAT,15097,Foothills,600-1300,6.5,0.0
2025-08-08,FRI,15097,Foothills,600-1300,6.5,0.0
2025-08-07,THU,15097,Foothills,600-1300,6.5,0.0
2025-08-02,SAT,15103,SEP Annual Training,800-1525,6.91667,0.0
2025-08-01,FRI,15097,Felt Lake,1300-2030,7.0,0.0
2025-07-20,SUN,15097,Foothills,600-1300,6.5,0.0
2025-07-19,SAT,15100,Bike Abatement,730-1130,4.0,0.0
2025-07-18,FRI,15097,Foothills,600-1300,6.5,0.0
2025-07-04,FRI,15097,Foothills,600-1300,6.5,0.0
2025-07-03,THU,15097,Foothills,1300-2030,7.0,0.0
2025-06-26,THU,15097,Foothills Closure,600-1320,6.83333,0.0
2025-06-25,WED,15097,Foothills Closure,1300-2030,7.0,0.0
2025-06-24,TUE,15097,Foothill Closure,600-1315,6.75,0.0
2025-06-20,FRI,15097,Foothills-Summer Closure,1300-2030,7.0,0.0
2025-06-19,THU,15097,Foothills-Summer Closer,1300-2030,7.0,0.0
2025-06-18,WED,15097,Foothills-Felt Lake,1300-2030,7.0,0.0
2025-06-15,SUN,15572,Commencement--Traffic,600-1305,6.58333,0.0
2025-06-14,SAT,15571,President Reception,1230-1700,4.5,0.0
2025-06-13,FRI,15097,Foothills,1300-2030,7.0,0.0
2025-06-12,THU,15537,Senior Dinner on the Qyad,1730-2350,5.83333,0.0
2025-05-31,SAT,15348,Coldplay Concert,1200-2340,8.0,3.16667
2025-05-30,FRI,15097,Foothills,1300-2030,7.0,0.0
2025-05-24,SAT,15097,Foothills,600-1300,6.5,0.0
2025-05-23,FRI,15097,Foothills,600-1300,6.5,0.0
2025-05-16,FRI,15551,Frost- James Taylor,1500-2220,6.83333,0.0
2025-05-15,THU,15324,Arbuckle Award Dinner,1700-2200,5.0,0.0
2025-05-11,SUN,15097,Foothills,600-1300,6.5,0.0
2025-05-10,SAT,15510,PowWow,1000-2000,8.0,1.5
2025-05-09,FRI,15097,Foothills,600-1300,6.5,0.0
2025-05-08,THU,15097,Foothills,1300-2030,7.0,0.0
2025-05-03,SAT,15540,Conversation with JoJo Siwa,1800-2100,3.0,0.0
2025-05-02,FRI,15097,Foothills,600-1300,6.5,0.0
2025-05-01,THU,15097,Foothills,1300-2030,7.0,0.0
2025-04-26,SAT,15445,Admit Weekend,830-1530,6.5,0.0
2025-04-25,FRI,15445,Admitt Weekend,830-1530,6.5,0.0
2025-04-25,FRI,15516,National Security Hackathon,1715-2100,1.5,2.25
2025-04-24,THU,15445,Deans Welcome,1400-1630,2.5,0.0
2025-04-24,THU,15445,Admit Weekend,830-1400,5.0,0.0
2025-04-14,MON,15097,Foothills,600-1300,6.5,0.0
2025-04-13,SUN,15097,Foothills,1300-2030,7.0,0.0
2025-04-06,SUN,15097,Foothills,600-1300,6.5,0.0
2025-04-05,SAT,15476,CoDa Building Closure,1630-2230,5.5,0.0
2025-04-04,FRI,15097,Foothills,600-1300,6.5,0.0
2025-03-30,SUN,15097,Foothills,600-1300,6.5,0.0
2025-03-29,SAT,15097,Foothills,1300-1930,6.0,0.0
2025-03-18,TUE,15099,Campus Security,900-1600,6.5,0.0
2025-03-18,TUE,15443,MBB vs CSUN,1830-2240,1.5,2.66667
2025-03-17,MON,15097,Foothills,1300-1930,6.0,0.0
2025-03-16,SUN,15097,Foothills,600-1300,6.5,0.0
2025-03-11,TUE,15099,Campus Security,900-1600,6.5,0.0
2025-03-10,MON,15303,Me2We,730-1630,8.0,0.5
2025-03-09,SUN,15097,Foothills,600-1300,6.5,0.0
2025-02-28,FRI,15336,SIEPR Ecomnomic Summit,700-1455,7.41667,0.0
2025-02-27,THU,0,Sick,900-1400,5.0,0.0
2025-02-26,WED,15209,MBB vs Boston College,1630-2045,4.25,0.0
2025-02-23,SUN,15333,Hillel / Koret,600-1300,6.5,0.0
2025-02-22,SAT,15099,Security Operations,900-1600,6.5,0.0
2025-02-21,FRI,15326,Family weekend-Mem Aud,800-1208,4.13333,0.0
2025-02-16,SUN,15305,TreeHack,700-1650,8.0,1.33333
2025-02-15,SAT,15305,TreeHack,600-1518,8.0,0.8
2025-02-14,FRI,15035,TreeHack,1230-2030,7.5,0.0
2025-02-13,THU,15261,WBB vs Syracuse,1730-2135,4.08333,0.0
2025-02-08,SAT,15207,MBB vs NC State,1430-1915,4.75,0.0
2025-02-07,FRI,15099,Campus Security,900-1600,6.5,0.0
2025-02-06,THU,15333,Hillel/Koret,600-1245,6.25,0.0
2025-01-31,FRI,15097,Foothills,600-1300,6.5,0.0
2025-01-30,THU,15259,WBB vs Pittsburg,1730-2130,4.0,0.0
2025-01-25,SAT,15204,MBB vs Florida State,1430-1910,4.66667,0.0
2025-01-24,FRI,15099,Campus Security,900-1600,6.5,0.0
2025-01-23,THU,15258,WBB vs Cal,1730-2140,4.16,0.0
2025-01-18,SAT,15099,Campus Security,900-1600,6.5,0.0
2025-01-17,FRI,15097,Foothills,600-1300,6.5,0.0
2025-01-02,THU,15097,Foothills,600-1300,6.5,0.0
2025-01-01,WED,15312,Winter Security,700-1530,8.0,0.0
2024-12-24,TUE,15097,Foothills,600-1300,6.5,0.0
2024-12-23,MON,15312,Winter Break Security,700-1530,8.0,0.0
2024-12-21,SAT,15312,Winter Break Security,1515-2335,7.83333,0.0
2024-12-20,FRI,15312,Winter Break Security,700-1530,8.0,0.0
2024-12-19,THU,15097,Foothills,600-1300,6.5,0.0
2024-12-10,TUE,15097,Foothills,600-1315,6.75,0.0
2024-12-09,MON,15099,Campus Security,900-1600,6.5,0.0
2024-12-08,SUN,15097,Foothills,1300-1800,5.0,0.0
2024-12-07,SAT,15117,NCAA MWP Championship,1215-1810,5.91667,0.0
2024-12-06,FRI,15117,NCAA MWP Championship,1030-2000,8.0,1.0
2024-11-25,MON,15099,Campus Security,900-1600,6.5,0.0
2024-11-23,SAT,15293,Big Game Student Bus Loading,900-1050,1.83333,0.0
2024-11-23,SAT,15097,Foothills,1120-1300,1.66667,0.0
2024-11-23,SAT,15097,Foothills,600-900,3.0,0.0
2024-11-22,FRI,15252,WBB vs Morgan State,1730-2120,3.83333,0.0
2024-11-21,THU,15099,Campus Security,1600-2100,5.0,0.0
2024-11-20,WED,15197,MBB vs Norfolk State,1730-2130,4.0,0.0
2024-11-16,SAT,15056,Football vs Louisville,730-1605,8.0,0.583333
2024-11-15,FRI,15097,FootHills,600-1300,6.5,0.0
2024-11-09,SAT,15099,Security Operations,900-1600,6.5,0.0
2024-11-08,FRI,15192,MBB vs Cal State Fullerton,1130-1545,4.25,0.0
2024-11-07,THU,15249,WBB vs Washington State,1730-2130,4.0,0.0
2024-11-01,FRI,15099,Security Operations,900-1600,6.5,0.0
2024-10-31,THU,15221,Mausoleum Party,1900-2240,3.66667,0.0
2024-10-30,WED,15244,WBB vs Cal State LA,1730-2120,3.83333,0.0
2024-10-16,WED,15097,Foothills,1300-1900,5.5,0.0
2024-10-15,TUE,15097,Foothills,1300-1900,5.5,0.0
2024-10-14,MON,15108,SOMC Conference,630-1405,7.08333,0.0
2024-10-12,SAT,15097,Foothills,600-1300,6.5,0.0
2024-10-11,FRI,15097,Foothills,600-1300,6.5,0.0
2024-10-10,THU,15099,Campus Security,900-1600,6.5,0.0
2024-10-05,SAT,15053,Football vs Virginia Tech,730-1635,8.0,0.583333
2024-10-04,FRI,15072,Pandemic Policy,800-1740,8.0,1.16667
2024-10-03,THU,15164,SEQ Bike Enforcement,1300-1730,4.5,0.0
2024-09-27,FRI,15116,Presisident Levin Innauguration,1200-1930,7.0,0.0
2024-09-26,THU,15105,Inauguration Dinner,1630-2100,4.5,0.0
2024-09-25,WED,15023,Frost-Mitski,1530-2240,6.66667,0.0
2024-09-19,THU,15086,NSO MemAud,830-1451,5.85,0.0
2024-09-18,WED,15097,Foothills,600-1300,6.5,0.0
2024-09-17,TUE,15082,NSO Convocation,1430-2050,5.83333,0.0
2024-09-07,SAT,15052,Football vs Cal Poly,1100-2000,8.0,0.5
2024-09-06,FRI,15097,Foothills,600-1300,6.5,0.0
2024-09-05,THU,15099,Campus Security,900-1600,6.5,0.0
2024-09-04,MON,15097,Foothills,600-1300,6.5,0.0
2024-08-30,FRI,15051,Football vs TCU,1400-2348,8.0,1.3
2024-08-29,THU,15019,Frost-Lauren Daigle,1530-2230,6.5,0.0
2024-08-22,THU,13021,Frost- Robert Plant/Alison Krause,1500-2230,7.0,0.0
2024-08-21,WED,14192,Foothills,1300-2030,7.0,0.0
2024-08-10,SAT,15037,Dish Closure,600-1330,7.0,0.0
2024-08-09,FRI,15037,Sick- Dish Closure,600-1330,7.0,0.0
2024-08-08,THU,15037,Dish Closure,600-1315,6.75,0.0
2024-08-03,SAT,15037,Stanford Dish Closure,600-1330,7.0,0.0
2024-08-02,FRI,14192,Foothills,1300-2030,7.0,0.0
2024-07-21,SUN,14192,Foothills,600-1300,6.5,0.0
2024-07-20,SAT,15036,SEP Annual Traing,800-1515,6.75,0.0
2024-06-24,MON,14192,Foothills,1300-2030,7.0,0.0
2024-06-23,SUN,14192,Foothills,1030-2030,8.0,1.5
2024-06-12,WED,14194,Security Operations,1100-1600,3.5,1.5
2024-06-12,WED,15012,Commencement Seedling Banner Install,0600-1100,4.5,0.0
2024-06-11,TUE,14194,Security Operations,0900-1600,6.5,0.0
2024-06-07,THU,14194,Campus Security,0900-1600,6.5,0.0
2024-06-06,THU,14822,Frost-Fred Again,1530-2250,6.83333,0.0
2024-06-05,WED,14821,Frost-Fred Again,1530-2250,6.83333,0.0
2024-05-30,THU,14975,Promoting Competition in AI,0800-1500,6.5,0.0
2024-05-29,WED,14970,President of Argentina Visit,0700-1115,4.25,0.0
2024-05-29,WED,14984,Campus Protest,1330-1830,3.75,1.25
2024-05-28,TUE,14192,Foothills,0600-1300,6.5,0.0
2024-05-11,SAT,14881,Pow Wow-Rover,1000-2000,8.0,1.5
2024-05-10,FRI,14881,Pow Wow Vendor Load In,0700-1600,8.0,0.5
2024-05-09,THU,14866,Bing Wing Book Move,0930-1700,7.0,0.0
2024-05-01,WED,14866,Bing Wing Book Move,0930-1700,7.0,0.0
2024-04-30,TUE,14192,Foothills,1800-2030,2.5,0.0
2024-04-30,TUE,14897,Democracy abd Disagreement,1400-1730,3.5,0.0
2024-04-20,SAT,14192,Foothills,0600-1030,4.5,0.0
2024-04-20,SAT,14775,FoothFootball Spring Showcase,1100-1500,3.5,0.5
2024-04-19,FRI,14866,Bing Wing Book Move,0930-1700,4.5,2.5
2024-04-19,FRI,14192,Foothills,0600-0930,3.5,0.0
2024-04-18,THU,14866,Bing Wing Book Move,0930-1700,7.0,0.0
2024-04-13,SAT,14751,Stanford Medicine Alumni,0600-1130,5.5,0.0
2024-04-12,FRI,14866,Bing Wing Book Move,0930-1700,7.0,0.0
2024-04-11,THU,14866,Bing Wing Book Move,0930-1730,7.5,0.0
2024-04-03,WED,14863,CISAC 40th Anniversary,0700-1830,8.0,3.0
2024-04-02,SUN,14804,Latin America and the War in Gaza,1345-1530,1.75,0.0
2024-04-02,SUN,14194,Security Operation,1600-1830,2.5,0.0
2024-03-25,MON,14192,Foothills,0600-1300,6.5,0.0
2024-03-24,SUN,14811,NCAA WBB Tournament,1700-2200,5.0,0.0
2024-03-12,TUE,141192,Foothills,0600-1300,6.5,0.0
2024-03-11,MON,14192,Foothills,0600-1300,6.5,0.0
2024-03-10,SUN,14366,WhitePlaza/Markaz,0700-1530,8.0,0.0
2024-03-03,SUN,14366,HillelSecurity,0700-1530,8.0,0.0
2024-03-02,SAT,14194,CampusSecurity,0900-1600,6.5,0.0
2024-03-01,FRI,14760,SIEPREconomicSummit,1400-2030,6.0,0.0
2024-02-19,MON,14366,HillelSecurity,0700-1530,8.0,0.0
2024-02-18,SUN,14366,HillelSecurity,0700-1530,8.0,0.0
2024-02-13,TUE,14366,WhitePlazaSecurity,0700-1530,8.0,0.0
2024-02-12,MON,14366,HillelSecurity,0700-1530,8.0,0.0
2024-02-11,SUN,14192,Foothills,0600-1300,6.5,0.0
2024-01-31,WED,14366,MarkazSecurity,0700-1500,7.5,0.0
2024-01-30,TUE,14366,WhitePlazaSecurity,0700-1530,8.0,0.0
2024-01-05,FRI,14530,WinterBreakSecurity,1500-2300,7.5,0.0
2023-12-27,WED,14530,WinterBreakSecurity,0645-1515,8.0,0.5
2023-12-26,TUE,14530,CallOff-Sick,0645-1515,8.0,1.0
2023-12-25,MON,14530,WinterBreakSecurity,0645-1845,8.0,4.0
2023-12-24,SUN,14530,WinterBreakSecurity,0645-1515,8.0,0.0
2023-12-23,SAT,14530,WinterBreakSecurity,0645-1515,8.0,0.0
2023-12-22,FRI,14530,WinterBreakSecurity,0645-1515,8.0,0.0
2020-06-17,WED,13184,GalvezLotSecurity,1730-0000,6.0,0.0
2020-06-15,MON,13184,GalvezLotSecurity,1730-0000,6.0,0.0
2020-06-13,SAT,13169,SecurityOperations,1430-2230,7.5,0.0
2020-06-10,WED,13169,SecurityOperation,1430-2230,7.5,0.0
2020-06-08,MON,13169,SecurityOperations,1430-2230,7.5,0.0
2020-06-05,FRI,13169,SecurityOperations,1430-2230,7.5,0.0
2020-06-03,WED,13184,GalvezLotSecurity,1630-0000,7.0,0.0
2020-06-01,MON,13169,SecurityOperations Beat 1,1430-2230,7.5,0.0
2020-05-29,FRI,13169,SecurityOperations,1430-2230,7.5,0.0
2020-05-27,WED,13169,SecurityOperations,1430-2230,7.5,0.0
2020-05-25,MON,13169,SecurityOperations,1430-2230,7.5,0.0
2020-05-21,THU,13184,GalvezLotSecurity,1630-0000,7.0,0.0
2020-05-20,WED,13169,SecurityOperations,1430-2230,7.5,0.0
2020-05-18,MON,13169,SecurityOperations,1430-2230,7.5,0.0
2020-05-15,FRI,13184,GalvezLotSecurity,1630-0000,7.0,0.0
2020-05-13,WED,13184,GalvezLotSecurity,1630-0000,7.0,0.0
2020-05-11,MON,13184,GalvezLotSecurity,1630-0000,7.0,0.0
2020-05-08,FRI,13169,SecurityOperations,1430-2230,7.5,0.0
2020-05-07,THU,13169,SecurityOperations,1430-2230,7.5,0.0
2020-05-06,WED,13184,GalvezLotSecurity,1630-0000,7.0,0.0
2020-05-05,TUE,13169,SecurityOperations,1430-2230,7.5,0.0
2020-05-03,SUN,13169,SecurityOperations,1430-2230,7.5,0.0
2020-05-01,FRI,13169,SecurityOperations,1430-2230,7.5,0.0
2020-04-30,THU,13169,GalvezLotSecurity,1630-0000,7.0,0.0
2020-04-29,WED,13169,GalvezLotSecurity,1630-0000,7.0,0.0
2020-04-26,SUN,13169,SecurityOperations,1430-2230,7.5,0.0
2020-04-25,SAT,13169,SecurityOperations,1430-2230,7.5,0.0
2020-04-23,THU,13184,GalvezLotSecurity,1630-2335,6.58,0.0
2020-04-20,MON,13169,SecurityOperations,1430-2230,7.5,0.0
2020-04-19,SUN,13169,SecurityOperationd,1430-2230,7.5,0.0
2020-04-16,THU,13169,SecurityOperations,1430-2220,7.33,0.0
2020-04-15,WED,13169,SecurityOperations,1430-2221,7.35,0.0
2020-04-13,MON,13169,SecurityOperations,1430-2230,7.5,0.0
2020-04-11,SAT,13169,SecurityOperations,1430-2215,7.25,0.0
2020-04-10,FRI,13169,SecurityOperations,1430-2220,7.33,0.0
2020-04-08,WED,13169,SecurityOperations,1430-2210,7.17,0.0
2020-04-07,TUE,13169,SecurityOperations,1430-2215,7.25,0.0
2020-04-05,SUN,13169,SecurityOperations,0630-1420,7.33,0.0
2020-04-04,SAT,13169,SecurityOperations,1430-2230,7.5,0.0
2020-04-03,FRI,13169,SecurityOperations,1430-2230,7.5,0.0
2020-04-01,WED,13169,SecurityOperations,1430-2230,7.5,0.0
2020-03-29,SUN,13169,SecurityOperations,1430-2230,7.5,0.0
2020-03-28,SAT,13169,SecurityOperations,1430-2230,7.5,0.0
2020-03-27,FRI,13169,SecurityOperations,1430-2230,7.5,0.0
2020-03-26,THU,13169,Security Operation,1430-2230,7.5,0.0
2020-03-20,FRI,13184,GalvezLotMobileClinic,1600-2330,7.0,0.0
2020-03-19,THU,12678,Foothills,1600-2000,4.0,0.0
2020-03-18,WED,12678,Foothills,1600-2000,4.0,0.0
2020-03-17,TUE,12678,Foothills,1600-2000,4.0,0.0
2020-03-15,SUN,12678,Foothills,1500-2000,5.0,0.0
2020-03-14,SAT,12678,Foothills,1300-2000,6.5,0.0
2020-03-13,FRI,13169,ResidentialSpotChech,1400-2100,6.5,0.0
2020-03-08,SUN,12678,Foothills,1300-2000,6.5,0.0
2020-03-01,SUN,12678,Foothills,1800-2000,2.0,0.0
2020-03-01,SUN,12883,MenBBvsColorado,1330-1730,4.0,0.0
2020-02-28,FRI,13092,CallOff,1600-1601,0.02,0.0
2020-02-27,THU,13080,ArbuckleAwardDinner,1630-2200,5.5,0.0
2020-02-26,WED,12882,MenBBvsUtah,1730-2130,4.0,0.0
2020-02-25,TUE,13087,CASBSSymposium,1600-1940,3.67,0.0
2020-02-23,SUN,12678,Foothills,1400-1900,5.0,0.0
2020-02-22,SAT,13089,CrepeNight,1715-2230,5.25,0.0
2020-02-21,FRI,12678,Foothills,1430-1830,4.0,0.0
2020-02-21,FRI,13088,EncountereCulture,1900-2230,3.5,0.0
2020-02-17,MON,12678,Foothills,1400-1900,5.0,0.0
2020-02-16,SUN,12678,Foothills,1400-1900,5.0,0.0
2020-02-15,SAT,13031,TreeHack,1530-0000,8.0,0.0
2020-02-14,FRI,13031,TreeHack,1530-0015,8.0,0.25
2020-02-09,SUN,12881,WomenBBvsUSC,1030-1445,4.0,0.25
2020-02-09,SUN,12678,Foothills,0600-1000,4.0,0.0
2020-02-05,WED,13039,Bing-VladimirFeltsman,1800-2145,3.75,0.0
2020-02-02,SUN,12678,Foothills,1400-1900,5.0,0.0
2020-02-01,SAT,12879,MenBBvsOregon,1330-1815,4.75,0.0
2020-01-31,FRI,12678,Foothills,1400-1830,4.5,0.0
2020-01-30,THU,12878,MenBBvsOregonState,1830-2245,4.25,0.0
2020-01-30,THU,12678,Foothills,1630-1800,1.5,0.0
2020-01-26,SUN,12995,ChineseNewYears,1720-2215,4.42,0.0
2020-01-24,FRI,12678,Foothills,1430-1830,4.0,0.0
2020-01-23,THU,12992,ACSSharkTank,1600-2030,4.5,0.0
2020-01-19,SUN,12678,Foothills,1330-1830,5.0,0.0
2020-01-17,FRI,13019,MontPelerinSociety,1430-2145,6.75,0.0
2020-01-16,THU,13019,MontPelerinSociety,1730-0000,6.0,0.0
2020-01-11,SAT,12678,Foothills,0900-1300,4.0,0.0
2020-01-11,SAT,12877,MemBBvsWashingtonState,1330-1730,4.0,0.0
2020-01-09,THU,12876,MenBBvsWashingtonState,1630-2115,4.75,0.0
2020-01-05,SUN,12678,Foothills,0600-1230,6.0,0.0
2020-01-04,SAT,12678,Foothills,0600-1230,6.0,0.0
2020-01-03,FRI,12855,WomenBBvsWashingtonState,1730-2120,3.0,0.83
2020-01-03,FRI,12675,TourBus,1200-1700,5.0,0.0
2020-01-02,THU,12875,MenBBvsCal,1830-2230,4.0,0.0
2019-12-29,SUN,12875,MenBBvsKansas,1030-1500,4.5,0.0
2019-12-29,SUN,12967,WBSecurity,0630-1000,3.5,0.0
2019-12-26,THU,12678,Foothills,0600-1230,6.0,0.0
2019-12-25,WED,12678,Foothills,0600-1230,6.0,0.0
2019-12-23,MON,12967,WBSecurity,1430-2300,8.0,0.0
2019-12-22,SUN,12967,WBSecurity,1430-2300,8.0,0.0
2019-12-21,SAT,12678,Foothills,0600-1100,5.0,0.0
2019-12-20,FRI,12678,Foothills,1430-1830,4.0,0.0
2019-12-18,WED,12853,WomenBBvsTennessee,1730-2130,4.0,0.0
2019-12-17,TUE,12873,MenBBvsSF,1630-2045,4.25,0.0
2019-12-15,SUN,12678,Foothills,1330-1830,5.0,0.0
2019-12-14,SAT,12678,Foothills,0600-1230,6.0,0.0
2019-12-02,MON,12675,Tour Bus,1430-1930,5.0,0.0
2019-12-01,SUN,12678,Foothills,0600-1130,5.0,0.0
2019-12-01,SUN,12678,MenBBvsUNCWilmington,1130-1530,3.0,1.0
2019-11-29,FRI,12678,Foothills,1330-1830,5.0,0.0
2019-11-28,THU,12678,Foothills,1330-1830,5.0,0.0
2019-11-27,WED,12678,Foothills,1330-1830,5.0,0.0
2019-11-24,SUN,12851,WomenBBvsBuffalo,1230-1600,3.5,0.0
2019-11-24,SUN,12678,Foothills,1630-1830,2.0,0.0
2019-11-22,FRI,12678,Foothills,1430-1830,4.0,0.0
2019-11-21,THU,12870,MennBBvsWilliam&Mary,1430-1830,4.0,0.0
2019-11-20,WED,12895,BitaPrize,1700-2100,4.0,0.0
2019-11-19,TUE,12869,MenBBvsMarylandEasternShore,1730-2130,4.0,0.0
2019-11-17,SUN,12678,Foothills,0600-1230,6.0,0.0
2019-11-17,SUN,12918,VolleyBall,1230-1415,1.75,0.0
2019-11-15,FRI,12678,Foothills,1430-1830,4.0,0.0
2019-11-14,THU,12849,WomenBBvsNorthernColorado,1730-2115,3.75,0.0
2019-11-13,WED,12923,Bing-MozartMusing,1800-2200,4.0,0.0
2019-11-10,SUN,12866,MenBBvsCalStateFullerton,1830-2230,4.0,0.0
2019-11-10,SUN,12675,Tour Bus,1400-1800,4.0,0.0
2019-11-08,FRI,12717,Frost-BrockHamptom,1600-2315,6.75,0.0
2019-11-06,WED,12865,MenBBvsMontana,1730-2115,3.75,0.0
2019-11-05,TUE,12848,WomenBBvsEasternWashington,1730-2115,3.75,0.0
2019-11-03,SUN,12678,Foothills,1330-1430,1.0,0.0
2019-11-03,SUN,12916,Women VolleyBall,1430-1630,2.0,0.0
2019-11-03,SUN,12678,Foothills,1630-1830,2.0,0.0
2019-11-02,SAT,12935,WomenBBvsUSA NationalTeam,1430-1845,4.25,0.0
2019-11-01,FRI,12834,Mausoleum Party,1800-2245,4.75,0.0
2019-11-01,FRI,12678,Foothills,1430-1730,3.0,0.0
2019-10-29,TUE,12857,WomenBBvsBeijing,1730-2115,3.75,0.0
2019-10-27,SUN,12673,Theta Breakers,0700-1100,4.0,0.0
2019-10-25,FRI,12678,Foothills,1430-1930,5.0,0.0
2019-10-24,THU,12632,Evening On The Quad,1550-2230,6.17,0.0
2019-10-23,WED,12836,Bing-DanielPearl,1730-2130,4.0,0.0
2019-10-19,SAT,12828,StanfordFarmDay,1330-2030,6.5,0.0
2019-10-18,FRI,12678,Foothills,1430-1930,5.0,0.0
2019-10-16,WED,12823,Bing-Brad Mehldau&Ian Bostridge,1800-2200,4.0,0.0
2019-10-14,MON,12716,Frost-Bob_Dylan,1600-2230,6.0,0.0
2019-10-13,SUN,12678,Foothills,1430-1930,5.0,0.0
2019-10-12,SAT,12715,Frost-WillieNelson,1500-2245,7.25,0.0
2019-10-11,FRI,12678,Foothills,1430-1930,5.0,0.0
2019-10-09,WED,12771,YomKippur,1600-2030,4.5,0.0
2019-10-08,TUE,12771,YomKippur,1700-2100,4.0,0.0
2019-10-06,SUN,12806,AccelerationClimateSolutions,1300-1830,5.0,0.0
2019-09-30,MON,12678,Foothills,1630-2030,4.0,0.0
2019-09-28,SAT,12773,MAX CardinalNights,1900-2330,4.5,0.0
2019-09-27,FRI,12678,Foothills,1630-2030,4.0,0.0
2019-09-26,THU,12678,Foothills,1630-2030,4.0,0.0
2019-09-25,WED,12678,Foothills,1630-2030,4.0,0.0
2019-09-21,SAT,0,Sick,1100-1630,5.5,0.0
2019-09-20,FRI,12678,Foothills,1530-2030,5.0,0.0
2019-09-18,WED,12678,Foothills,1630-2030,4.0,0.0
2019-09-17,TUE,12678,Foothills,1630-2030,4.0,0.0
2019-09-16,MON,12678,Foothills,1630-2030,4.0,0.0
2019-09-15,SUN,12678,Foothills,0600-1230,6.0,0.0
2019-09-13,FRI,12685,Santa Clara Program,1600-1900,3.0,0.0
2019-09-13,FRI,12678,Foothills,1900-2030,1.5,0.0
2019-08-18,SUN,12666,Summer BootPolicyCamp,1645-1945,3.0,0.0
2019-08-17,SAT,12576,Frost Concert- Joe Russo,1500-2300,7.5,0.0
2019-08-16,FRI,12032,Foothills,1500-2100,5.5,0.0
2019-08-12,MON,12032,Foothills,1800-2100,3.0,0.0
2019-08-12,MON,12559,ID-Tech,1600-1800,2.0,0.0
2019-08-11,SUN,12032,Foothills,0530-1230,6.5,0.0
2019-08-10,SAT,12607,SEP_AnnualTraining,0700-1140,4.67,0.0
2019-08-05,MON,12032,Foothills,1800-2100,3.0,0.0
2019-08-05,MON,12559,ID-TECH,1600-1800,2.0,0.0
2019-08-03,SAT,12032,Foothills,0530-1230,6.5,0.0
2019-08-02,FRI,12032,Foothills,1500-2100,5.5,0.0
2019-07-29,MON,12559,ID Tech,1600-1800,2.0,0.0
2019-07-29,MON,12032,Foothills,1800-2100,3.0,0.0
2019-07-28,SUN,12032,Foothills,0530-1230,6.5,0.0
2019-07-23,TUE,12032,Foothills,1700-2100,4.0,0.0
2019-07-22,MON,12032,Foothills,1700-2100,4.0,0.0
2019-07-18,THU,12032,Foothills,1800-2100,3.0,0.0
2019-07-18,THU,12559,ID Tech,1600-1800,2.0,0.0
2019-07-16,TUE,12032,Foothills,1700-2100,4.0,0.0
2019-07-13,SAT,12573,Frost-SF Symphony,1600-2230,6.0,0.0
2019-07-12,FRI,12032,Foothills,1500-2100,5.5,0.0
2019-07-09,TUE,12628,Hoover Summer Board,1700-2130,4.5,0.0
2019-07-08,MON,12032,Foothills,1700-2100,4.0,0.0
2019-07-05,FRI,12032,Foothills,0530-1230,6.5,0.0
2019-07-04,THU,12032,Foothills/FireWatch,1600-0000,7.5,0.0
2019-07-03,WED,12559,ID TECH,1600-1800,2.0,0.0
2019-07-03,WED,12032,Foothills,1800-2100,3.0,0.0
2019-07-02,TUE,12559,ID Tech,1630-1800,1.5,0.0
2019-07-02,TUE,12032,Foothills,1800-2100,3.0,0.0
2019-06-30,SUN,12032,Foothills,0530-1230,6.5,0.0
2019-06-25,TUE,12559,ID Tech,1630-1800,1.5,0.0
2019-06-25,TUE,12032,Foothills,1800-2100,3.0,0.0
2019-06-24,MON,12559,ID Tech,1630-1800,1.5,0.0
2019-06-24,MON,12032,Foothilld,1800-2100,3.0,0.0
2019-06-23,SUN,12032,Foothilld,1600-2100,5.0,0.0
2019-06-22,SAT,12605,Summer Scamper Security,1530-0000,8.0,0.0
2019-06-20,THU,12032,Foothills,1700-2100,4.0,0.0
2019-06-19,WED,12032,Foothills,1700-2100,4.0,0.0
2019-06-18,TUE,12032,Foothills,1700-2100,4.0,0.0
2019-06-15,SAT,12892,Comm Stadium Security,1630-0000,7.0,0.0
2019-06-14,FRI,12037,Vaden Pharmacy,1600-1800,2.0,0.0
2019-06-14,FRI,12032,Foothills,1800-2100,3.0,0.0
2019-06-12,WED,12032,Foothills,1700-2100,4.0,0.0
2019-06-11,TUE,12592,Comm Stadium Security,1630-0000,7.0,0.0
2019-06-08,SAT,12031,Foothills,0530-1230,6.5,0.0
2019-06-07,FRI,12560,EPAA Graduation,1500-2000,5.0,0.0
2019-06-05,WED,12032,Foothilld,1700-2100,4.0,0.0
2019-06-04,TUE,12032,Foothills,1700-2100,4.0,0.0
2019-06-01,SAT,12851,Founders Circle,0500-1300,7.5,0.0
2019-05-30,THU,12032,Foothills,1700-2100,4.0,0.0
2019-05-29,WED,12032,Foothills,1700-2100,4.0,0.0
2019-05-27,MON,12032,Foothill,0530-1230,6.5,0.0
2019-05-25,SAT,12032,Foothills,0530-1230,6.5,0.0
2019-05-24,FRI,12037,VadenPharmacy,1600-1800,2.0,0.0
2019-05-24,FRI,12032,Foothills,1800-2100,3.0,0.0
2019-05-22,WED,12584,GenderEquality,1530-1900,3.5,0.0
2019-05-22,WED,12032,Foothills,1930-2100,1.5,0.0
2019-05-21,TUE,12032,Foothills,1700-2100,4.0,0.0
2019-05-18,SAT,12446,Frost-Concert,1500-2300,7.5,0.0
2019-05-17,FRI,12547,GradFormalParty,1900-0045,5.25,0.0
2019-05-16,THU,12032,Foothills,1700-2100,4.0,0.0
2019-05-13,MON,12032,Foothills,1700-2100,4.0,0.0
2019-05-12,SUN,12471,PowWow,1000-1800,7.5,0.0
2019-05-11,SAT,12472,PowWow,0700-1600,8.0,0.5
2019-05-09,THU,12032,Foothills,1700-2100,4.0,0.0
2019-05-08,WED,12032,Foothills,1700-2100,4.0,0.0
2019-05-07,TUE,12032,Foothills,1700-2100,4.0,0.0
2019-05-05,SUN,12032,Foothills,0530-1230,6.5,0.0
2019-05-03,FRI,12032,Foothills,1700-2100,4.0,0.0
2019-05-02,THU,12032,Foothills,1700-2100,4.0,0.0
2019-05-01,WED,12032,Foothills,1700-2100,4.0,0.0
2019-04-26,FRI,12473,Bing-NitinSawhney&StanfordSymphony,1700-2130,4.5,0.0
2019-04-25,THU,12476,ProFro,1830-2230,4.0,0.0
2019-04-24,WED,12032,Foothills,1700-2100,4.0,0.0
2019-04-23,TUE,12032,Foothills,1700-2100,4.0,0.0
2019-04-20,SAT,12477,Philipinx Cultural Night,1830-2230,4.0,0.0
2019-04-19,FRI,12037,VadenPharmacy,1600-1800,2.0,0.0
2019-04-19,FRI,12032,Foothills,1800-2100,3.0,0.0
2019-04-18,THU,12032,Foothills,1700-2100,4.0,0.0
2019-04-17,WED,12032,Foothills,1700-2100,4.0,0.0
2019-04-13,SAT,12428,GSB- C4C-BattleOfBand,1830-0200,7.0,0.0
2019-04-12,FRI,12425,GSB-C4C,1600-2245,6.25,0.0
2019-04-11,THU,12493,Bing-WhatMakesItGreat,1830-2215,3.75,0.0
2019-04-10,WED,12032,Foothills,1700-2100,4.0,0.0
2019-04-06,SAT,0,Training-CPR/first said,0700-1600,8.0,0.0
2019-04-03,WED,12032,Foothills,1700-2100,4.0,0.0
2019-04-02,TUE,12032,Foothills,1700-2100,4.0,0.0
2019-04-01,MON,12032,Foothills,1700-2100,4.0,0.0
2019-03-31,SUN,12032,Sick Day,0530-1230,6.5,0.0
2019-03-29,FRI,12032,Foothills,1800-2000,2.0,0.0
2019-03-29,FRI,12037,Vaden,1600-1800,2.0,0.0
2019-03-27,WED,12032,Foothills,1600-2000,4.0,0.0
2019-03-26,TUE,12032,Foothills,1600-2000,4.0,0.0
2019-03-24,SUN,12032,Foothills,0530-1230,6.5,0.0
2019-03-22,FRI,12421,Bing-OscarWithLove,1830-2230,4.0,0.0
2019-03-21,THU,12032,Foothills,1600-2000,4.0,0.0
2019-03-19,TUE,12032,Foothills,1600-2000,4.0,0.0
2019-03-18,MON,12420,BingConcert-Philharmonica Orchestra,1830-2215,3.75,0.0
2019-03-17,SUN,12029,BusTour,1300-1800,4.0,1.0
2019-03-17,SUN,12036,MemorialChurch,0830-1230,4.0,0.0
2019-03-15,FRI,12037,VadenPharmacy,1400-1600,2.0,0.0
2019-03-15,FRI,12391,BingConcert-A RefugeeLoveStory,1830-2145,3.25,0.0
2019-03-13,WED,12032,Foothills,1600-2000,4.0,0.0
2019-03-12,TUE,12032,Foothills,1600-2000,4.0,0.0
2019-03-10,SUN,12032,Foothills,1600-2000,4.0,0.0
2019-03-07,THU,0,Sick Day,1830-2230,4.0,0.0
2019-03-06,WED,12399,GSE Cubberley,1600-2000,4.0,0.0
2019-03-03,SUN,12186,MenBBvsWashington,0930-1600,6.0,0.0
2019-03-03,SUN,12032,Foorhills,1600-2000,2.0,2.0
2019-03-02,SAT,12032,Foothilks,0530-1230,6.5,0.0
2019-02-28,THU,12185,MenBBvsWashingtonState,1630-2030,4.0,0.0
2019-02-23,SAT,12032,Foothills,1330-1900,5.0,0.0
2019-02-22,FRI,12183,WomenBBvsArizina,1730-2145,4.25,0.0
2019-02-18,MON,12032,Foothills,0600-1230,6.0,0.0
2019-02-18,MON,12304,BannetInstallation,0430-0600,1.5,0.0
2019-02-17,SUN,12354,TreeHack,0730-1700,8.0,1.0
2019-02-15,FRI,12376,BlackLove,1800-2300,5.0,0.0
2019-02-13,WED,12181,MenBBvsUSC,1830-2245,4.25,0.0
2019-02-10,SUN,12032,Foothills,0600-0900,3.0,0.0
2019-02-10,SUN,12180,WomenBBvsOregon,0930-1545,5.0,1.25
2019-02-09,SAT,12032,Foothills,0600-0800,2.0,0.0
2019-02-09,SAT,12029,TourBus,0800-1330,5.0,0.0
2019-02-03,SUN,12032,Foothills,1400-1900,3.5,1.5
2019-02-03,SUN,12029,TourBus,0900-1330,4.5,0.0
2019-02-02,SAT,12032,Foothills,0600-1230,6.0,0.0
2019-01-27,SUN,12032,Foothills,1300-1830,4.0,1.5
2019-01-27,SUN,12036,MemorialChurch,0830-1230,4.0,0.0
2019-01-26,SAT,12032,Foothills,0600-1230,6.0,0.0
2019-01-24,THU,12336,BingConcert-Attractor,1830-2145,3.25,0.0
2019-01-22,TUE,12296,SerraSculpture,1530-0000,8.0,0.0
2019-01-20,SUN,12032,Foothills,1500-1830,3.5,0.0
2019-01-20,SUN,12175,WonenBBvsWashingtonState,1430-1830,4.0,0.0
2019-01-19,SAT,12032,Foothills,0600-0830,2.5,0.0
2019-01-19,SAT,12327,WomenMarch,0900-1200,3.0,0.0
2019-01-13,SUN,12032,Foothills,1300-1830,5.5,0.0
2019-01-12,SAT,12032,Foothills,0600-1230,6.0,0.0
2019-01-09,WED,12326,SecondActScreening,1800-2330,5.5,0.0
2019-01-06,SUN,12032,Foothills,1630-1830,2.0,0.0
2019-01-06,SUN,12171,WomenBBvsUCLA,1130-1600,4.5,0.0
2019-01-04,FRI,12032,Foothills,1300-1830,5.5,0.0
2019-01-01,TUE,12032,Foothills,1300-1830,5.5,0.0
2018-12-31,MON,12210,WBSecurity,0630-1500,8.0,0.0
2018-12-30,SUN,12032,Foothills,0600-1230,6.0,0.0
2018-12-29,SAT,0,Sick,0600-1430,8.0,0.0
2018-12-24,MON,12032,Foothills,0600-1230,6.0,0.0
2018-12-23,SUN,12210,WBSecurity,1430-2300,8.0,0.0
2018-12-22,SAT,12210,WBSecurity,1430-2300,8.0,0.0
2018-12-21,FRI,12210,WBSecurity,1430-2300,8.0,0.0
2018-12-18,TUE,12167,MenBBvsSJSU,1730-2130,4.0,0.0
2018-12-15,SAT,12165,MenBBvsEasternWashington,1400-1830,4.5,0.0
2018-12-14,FRI,12273,BingConcert-DianneReevee,1830-2215,3.75,0.0
2018-12-14,FRI,12037,VadenPharmacy,1600-1800,2.0,0.0
2018-12-09,SUN,12032,Foothills,0600-1230,6.0,0.0
2018-12-08,SAT,12032,Foothills,0600-1230,6.0,0.0
2018-12-07,FRI,12032,Foothills,1400-1830,4.5,0.0
2018-12-05,WED,12258,Bing-Philharmonic,1830-2230,4.0,0.0
2018-12-05,WED,12302,Foothills,1630-1830,2.0,0.0
2018-11-30,FRI,12032,Foothills,1400-1830,4.5,0.0
2018-11-29,THU,12265,NextRevolution,1730-2130,4.0,0.0
2018-11-25,SUN,12032,Foothills,0600-1230,6.0,0.0
2018-11-24,SAT,12032,Foothills,0600-1230,6.0,0.0
2018-11-23,FRI,12032,Foothills,1300-1830,5.5,0.0
2018-11-22,THU,12032,Foothills,1300-1830,5.5,0.0
2018-11-18,SUN,12032,Foothills,1400-1830,4.5,0.0
2018-11-17,SAT,12032,Foothills,0600-1230,6.0,0.0
2018-11-11,SUN,12160,WomenBBvsIdaho,1230-1615,3.75,0.0
2018-11-11,SUN,12032,Foothills,1615-1830,1.75,0.0
2018-11-10,SAT,12232,FBvsOregonState,1430-2215,7.75,0.0
2018-11-07,WED,12159,WomenBBvsUC_Davis,1730-2120,3.83,0.0
2018-11-06,TUE,12158,MenBBvsSeattle,1730-2145,4.25,0.0
2018-11-04,SUN,12032,Foothills,0600-1230,6.0,0.0
2018-11-03,SAT,12032,Foothills,0600-1230,6.0,0.0
2018-11-02,FRI,12032,Foothills,1400-1830,4.5,0.0
2018-10-31,WED,12208,Maysoleum-Party,1830-2245,4.25,0.0
2018-10-30,TUE,12156,Men-BB-vs-Sonoma,1730-2130,4.0,0.0
2018-10-28,SUN,12016,Theta-Breaker-Race,0700-1045,3.75,0.0
2018-10-28,SUN,12029,TourBus,1045-1330,2.25,0.0
2018-10-27,SAT,12197,Football-Vs-Washington,1300-2035,7.58,0.0
2018-10-22,MON,12050,Hoover-Retreat,1600-2200,5.5,0.0
2018-10-21,SUN,12050,Hoover-Retreat,1630-2150,5.33,0.0
2018-10-20,SAT,12118,BingConcert-KronosQuartet,1830-2145,3.25,0.0
2018-10-18,THU,12114,Evening-with-Peter-Souza,1730-2145,4.25,0.0
2018-10-14,SUN,12032,Foothills,0600-1230,6.0,0.0
2018-10-12,FRI,12107,BingConcertCabaret,1800-0000,6.0,0.0
2018-10-10,WED,12106,BingConcert,1730-2245,5.25,0.0
2018-10-07,SUN,12029,TourBus,1300-2030,7.0,0.0
2018-10-06,SAT,12094,FootballVSUtah,1630-2312,6.7,0.0
2018-09-30,SUN,12032,Foothills,0600-1230,6.0,0.0
2018-09-26,WED,12032,Foothills,1600-2030,4.5,0.0
2018-09-25,TUE,12048,NSAF-Dinner,1630-2115,4.75,0.0
2018-09-24,MON,12032,Foothills,1600-2030,4.5,0.0
2018-09-23,SUN,12032,Foothills,1400-2000,5.5,0.0
2018-09-23,SUN,12096,BandRun,2000-2300,2.5,0.5
2018-09-21,FRI,12089,BingConcert,1830-2200,3.5,0.0
2018-09-19,WED,12076,YomKippur,1600-2015,4.25,0.0
2018-09-18,TUE,12032,Foothills,1600-2030,4.5,0.0
2018-09-17,MON,12032,Foothills,1600-2030,4.5,0.0
2018-09-16,SUN,12032,Foothills,0600-1230,6.0,0.0
2018-09-15,SAT,12021,FootballvsUCDavis,0933-1515,5.7,0.0
2018-09-11,TUE,12032,Foothills,1600-2030,4.5,0.0
2018-09-10,MON,12032,Foothills,1600-2030,4.5,0.0
2018-09-09,SUN,12036,MemorialChurch,0830-1230,4.0,0.0
2018-09-08,SAT,12020,Football-TrafficControl,1230-2205,8.0,1.58
2018-09-02,SUN,12032,Foothills,0600-1230,6.0,0.0
2018-09-01,SAT,12032,Foothills,0600-1230,6.0,0.0
2018-08-30,THU,11258,Foothills,1700-2100,4.0,0.0
2018-08-27,MON,11258,Foothills,1700-2100,4.0,0.0
2018-08-26,SUN,11258,Foothills,1600-2100,5.0,0.0
2018-08-22,WED,11959,IDTECH,1630-1800,1.5,0.0
2018-08-22,WED,11258,Foothills,1800-2100,3.0,0.0
2018-08-21,TUE,11258,Foothills,1800-2100,3.0,0.0
2018-08-21,TUE,11959,IDTECH,1630-1800,1.5,0.0
2018-08-20,MON,11959,IDTECH,1630-1800,1.5,0.0
2018-08-20,MON,11258,Foothills,1800-2100,3.0,0.0
2018-08-19,SUN,11258,Foothills,1600-2100,5.0,0.0
2018-08-14,TUE,11258,Foothills,1800-2100,3.0,0.0
2018-08-13,MON,11959,IDTECH,1630-1800,1.5,0.0
2018-08-13,MON,11258,Foothills,1800-2100,3.0,0.0
2018-08-12,SUN,11250,Foothills,1600-2100,5.0,0.0
2018-08-11,SAT,11250,Foothills,1400-2100,6.5,0.0
2018-08-10,FRI,11250,Foothills,1700-2100,4.0,0.0
2018-07-29,SUN,11258,Foothills,0530-1330,7.5,0.0
2018-07-28,SAT,11999,EnvironmentalHabitat,0530-1330,7.5,0.0
2018-07-25,WED,11258,Foothills,1800-2100,3.0,0.0
2018-07-24,TUE,11258,Foothills,1800-2100,3.0,0.0
2018-07-24,TUE,11959,IDTECH,1630-1800,1.5,0.0
2018-07-23,MON,11258,Foothills,1800-2100,3.0,0.0
2018-07-23,MON,11959,IDTECH,1630-1800,1.5,0.0
2018-07-19,THU,11258,Foothills,1700-2100,4.0,0.0
2018-07-18,WED,11258,Foothill,1700-2100,4.0,0.0
2018-07-17,TUE,11258,Foothilld,1700-2100,4.0,0.0
2018-07-14,SAT,11258,Foothills,1400-2100,6.5,0.0
2018-07-13,FRI,11972,BingConcertSummerJazz,1630-2230,5.5,0.0
2018-07-12,THU,11258,Foothills,1700-2100,4.0,0.0
2018-07-11,WED,11258,Foothills,1700-2100,4.0,0.0
2018-07-10,TUE,11967,HooverInstituteSummerBoardofOverseers,1700-2130,4.5,0.0
2018-07-08,SUN,11258,Foothills,1600-2100,5.0,0.0
2018-07-04,WED,11258,Foothills,0530-1230,6.5,0.0
2018-07-03,TUE,11258,Foothills,1700-2100,4.0,0.0
2018-07-02,MON,11250,Foothills,1700-2100,4.0,0.0
2018-06-02,SAT,11868,SEPAnnualTraining,0800-1205,4.08,0.0
2018-05-18,FRI,11259,VadenPharmacy,1600-1800,2.0,0.0
2018-05-17,THU,11640,Mutuality-TheFutureofJustice,1630-2030,4.0,0.0
2018-05-16,WED,11258,FoothillClosing,1700-2100,4.0,0.0
2018-05-13,SUN,11815,PowWow,0730-1400,6.5,0.0
2018-05-12,SAT,11815,PowWow,0720-1600,8.0,0.67
2018-05-06,SUN,11258,FoothillOpening,0530-1230,6.5,0.0
2018-05-04,FRI,11259,VadenPharmacy,1600-1800,2.0,0.0
2018-05-04,FRI,11258,FoothillClosing,1800-2100,3.0,0.0
2018-05-03,THU,11258,FoothillClosing,1700-2100,4.0,0.0
2018-04-30,MON,11258,FoothillClosing,1700-2100,4.0,0.0
2018-04-29,SUN,11258,FoothillsOpening,0530-1230,6.5,0.0
2018-04-27,FRI,11258,FoothillClosing,1700-2100,4.0,0.0
2018-04-25,WED,0,Meetingw/SSUUnit,1600-1630,0.5,0.0
2018-04-25,WED,11716,WSLDinner,1630-2030,4.0,0.0
2018-04-23,MON,11258,FoothillClosing,1700-2100,4.0,0.0
2018-04-22,SUN,11258,FoothillOpening,0530-1230,6.5,0.0
2018-04-21,SAT,11258,FoothillClosing,1330-2100,7.0,0.0
2018-04-21,SAT,11660,BarricadeSetup,1230-1330,1.0,0.0
2018-04-08,SUN,11692,AshaStanfordHoliday,1000-1600,6.0,0.0
2018-04-07,SAT,11692,AshaStanfordHoliday,1000-1545,5.75,0.0
2018-04-06,FRI,11258,FoothillClising,1400-2100,6.5,0.0
2018-04-04,WED,11258,FoothillClosing,1700-2100,4.0,0.0
2018-04-03,TUE,11258,FoothillClosing,1700-2100,4.0,0.0
2018-04-01,SUN,11258,FoothillsOpening,0530-1230,6.5,0.0
2018-03-31,SAT,11257,TourBus-Palm/Roth,0600-1330,7.0,0.0
2018-03-25,SUN,11258,FoothillOpening,0530-1330,7.5,0.0
2018-03-18,SUN,10939,MemorialChurch,0830-1230,3.5,0.0
2018-03-18,SUN,11258,FoothillOpening,0530-0830,3.0,0.0
2018-03-17,SAT,11258,FoothillClosing,1700-2000,3.0,0.0
2018-03-17,SAT,11574,BingConcert-MachinedeCirque,1330-1630,3.0,0.0
2018-03-14,WED,11685,MenBBvsBYU,1730-2200,4.5,0.0
2018-03-11,SUN,11257,TourBus-Palm/Roth,0600-1330,7.0,0.0
2018-03-10,SAT,11258,FoothillClosing,1300-2000,6.5,0.0
2018-03-07,WED,11676,PriceForPiece,1630-1915,2.75,0.0
2018-03-04,SUN,11258,FoothillOpening,0530-1330,7.5,0.0
2018-03-03,SAT,11633,CitizenPoliceAcademy,0715-1630,8.0,0.75
2018-03-02,FRI,11567,Bing-K.D.Lang,1800-2245,4.75,0.0
2018-02-25,SUN,11258,FoothillClosing,1300-1900,5.5,0.0
2018-02-23,FRI,11596,BingCabaret,1900-2315,4.25,0.0
2018-02-22,THU,11447,MenBBvsWashington,1630-2045,4.25,0.0
2018-02-16,FRI,11592,TreeHack,1530-0015,8.0,0.75
2018-02-15,THU,11467,WomenBBvsCal,1730-2145,4.25,0.0
2018-02-13,TUE,11586,EncoreAwards,1600-2100,5.0,0.0
2018-02-11,SUN,11258,FoothillOpening,0600-1330,7.0,0.0
2018-02-10,SAT,11258,FoothillClosing,1300-1900,5.5,0.0
2018-02-09,FRI,11465,WomenBBvsUtah,1730-2130,4.0,0.0
2018-02-07,WED,11560,Bing-LeonardBernstein,1800-2200,4.0,0.0
2018-02-06,TUE,11615,RussRoberts,1700-2100,4.0,0.0
2018-02-04,SUN,11258,FoothillOpening,0600-1330,7.0,0.0
2018-02-03,SAT,11258,FoothillOpening,0600-1330,7.0,0.0
2018-02-01,THU,11445,MeBBvsOregonState,1630-2040,4.17,0.0
2018-01-31,WED,11556,BingConcert,1800-2215,4.25,0.0
2018-01-28,SUN,11464,WomenBBvsArizina,1330-1930,6.0,0.0
2018-01-04,THU,11369,WBSecurity,1500-2300,8.0,0.0
2017-12-24,SUN,11258,FoothillOpening,0600-1330,7.0,0.0
2017-12-23,SAT,11257,TourBus-Palm/Roth,1300-1830,5.5,0.0
